{"learner":{"attributes":{},"feature_names":[],"feature_types":[],"gradient_booster":{"model":{"gbtree_model_param":{"num_parallel_tree":"1","num_trees":"10"},"iteration_indptr":[0,1,2,3,4,5,6,7,8,9,10],"tree_info":[0,0,0,0,0,0,0,0,0,0],"trees":[{"base_weights":[-9.763307E-8,-5.989531E-1,1.5195767E0,-5.924993E-1,1.9318036E0,-5.4418546E-1,1.989472E0,5.990964E-1,-3.3333293E-1],"categories":[],"categories_nodes":[],"categories_segments":[],"categories_sizes":[],"default_left":[0,0,0,0,0,0,0,0,0],"id":0,"left_children":[1,-1,3,-1,5,-1,7,-1,-1],"loss_changes":[4.0259146E3,0E0,1.089273E3,0E0,1.4930884E2,0E0,1.7710205E1,0E0,0E0],"parents":[2147483647,0,0,2,2,4,4,6,6],"right_children":[2,-1,4,-1,6,-1,8,-1,-1],"split_conditions":[3.2830809E-3,-5.989531E-1,3.0919898E-3,-5.924993E-1,4.632169E-4,-5.4418546E-1,2.6315104E-3,5.990964E-1,-3.3333293E-1],"split_indices":[5180,0,2823,0,3488,0,4,0,0],"split_type":[0,0,0,0,0,0,0,0,0],"sum_hessian":[1.3249983E3,5.725E2,7.5249835E2,7.9E1,6.7349835E2,9.75E0,6.6374835E2,6.6249835E2,1.25E0],"tree_param":{"num_deleted":"0","num_feature":"6144","num_nodes":"9","size_leaf_vector":"1"}},{"base_weights":[-1.1204393E-3,-4.639303E-1,1.174546E0,-4.5954013E-1,1.4944583E0,-4.2697823E-1,1.5402392E0,4.640275E-1,-2.8256738E-1],"categories":[],"categories_nodes":[],"categories_segments":[],"categories_sizes":[],"default_left":[0,0,0,0,0,0,0,0,0],"id":1,"left_children":[1,-1,3,-1,5,-1,7,-1,-1],"loss_changes":[2.2078213E3,0E0,5.998323E2,0E0,8.470398E1,0E0,1.1305542E1,0E0,0E0],"parents":[2147483647,0,0,2,2,4,4,6,6],"right_children":[2,-1,4,-1,6,-1,8,-1,-1],"split_conditions":[3.2830809E-3,-4.639303E-1,3.0919898E-3,-4.5954013E-1,4.632169E-4,-4.2697823E-1,2.6315104E-3,4.640275E-1,-2.8256738E-1],"split_indices":[5180,0,2823,0,3488,0,4,0,0],"split_type":[0,0,0,0,0,0,0,0,0],"sum_hessian":[1.2132432E3,5.2407526E2,6.891679E2,7.245298E1,6.167149E2,9.062346E0,6.076525E2,6.0643665E2,1.2159104E0],"tree_param":{"num_deleted":"0","num_feature":"6144","num_nodes":"9","size_leaf_vector":"1"}},{"base_weights":[-1.9186769E-3,-4.027157E-1,1.0171026E0,-3.9819854E-1,1.2953432E0,-3.724543E-1,1.3363155E0,4.0281624E-1,-2.251933E-1],"categories":[],"categories_nodes":[],"categories_segments":[],"categories_sizes":[],"default_left":[0,0,0,0,0,0,0,0,0],"id":2,"left_children":[1,-1,3,-1,5,-1,7,-1,-1],"loss_changes":[1.3853429E3,0E0,3.7756982E2,0E0,5.524652E1,0E0,7.796509E0,0E0,0E0],"parents":[2147483647,0,0,2,2,4,4,6,6],"right_children":[2,-1,4,-1,6,-1,8,-1,-1],"split_conditions":[3.2830809E-3,-4.027157E-1,3.0919898E-3,-3.9819854E-1,1.1710037E-3,-3.724543E-1,2.3131247E-3,4.0281624E-1,-2.251933E-1],"split_indices":[5180,0,2823,0,335,0,1153,0,0],"split_type":[0,0,0,0,0,0,0,0,0],"sum_hessian":[1.01218726E3,4.3700873E2,5.751785E2,6.0620995E1,5.1455756E2,7.712714E0,5.0684485E2,5.0564954E2,1.1952993E0],"tree_param":{"num_deleted":"0","num_feature":"6144","num_nodes":"9","size_leaf_vector":"1"}},{"base_weights":[-2.7194486E-3,-3.6822668E-1,9.2736053E-1,-3.628912E-1,1.1823357E0,-3.2950577E-1,3.6644655E-1],"categories":[],"categories_nodes":[],"categories_segments":[],"categories_sizes":[],"default_left":[0,0,0,0,0,0,0],"id":3,"left_children":[1,-1,3,-1,5,-1,-1],"loss_changes":[9.2371436E2,0E0,2.525711E2,0E0,3.8156616E1,0E0,0E0],"parents":[2147483647,0,0,2,2,4,4],"right_children":[2,-1,4,-1,6,-1,-1],"split_conditions":[3.2830809E-3,-3.6822668E-1,3.0919898E-3,-3.628912E-1,4.632169E-4,-3.2950577E-1,3.6644655E-1],"split_indices":[5180,0,2823,0,3488,0,0],"split_type":[0,0,0,0,0,0,0],"sum_hessian":[8.089369E2,3.490276E2,4.599093E2,4.8625458E1,4.1128384E2,6.4847984E0,4.0479904E2],"tree_param":{"num_deleted":"0","num_feature":"6144","num_nodes":"7","size_leaf_vector":"1"}},{"base_weights":[-3.6337813E-3,-3.4666595E-1,8.6847854E-1,-3.4280738E-1,1.1103009E0,-3.0276233E-1,3.4550366E-1],"categories":[],"categories_nodes":[],"categories_segments":[],"categories_sizes":[],"default_left":[0,0,0,0,0,0,0],"id":4,"left_children":[1,-1,3,-1,5,-1,-1],"loss_changes":[6.36623E2,0E0,1.7667322E2,0E0,2.9441742E1,0E0,0E0],"parents":[2147483647,0,0,2,2,4,4],"right_children":[2,-1,4,-1,6,-1,-1],"split_conditions":[3.2830809E-3,-3.4666595E-1,1.1959656E-3,-3.4280738E-1,-2.9448655E-3,-3.0276233E-1,3.4550366E-1],"split_indices":[5180,0,3539,0,444,0,0],"split_type":[0,0,0,0,0,0,0],"sum_hessian":[6.3170703E2,2.7204916E2,3.596579E2,3.8203625E1,3.2145428E2,5.707498E0,3.157468E2],"tree_param":{"num_deleted":"0","num_feature":"6144","num_nodes":"7","size_leaf_vector":"1"}},{"base_weights":[-4.66948E-3,-3.3230475E-1,8.278089E-1,-3.2866868E-1,1.0616372E0,-2.7900222E-1,3.313286E-1],"categories":[],"categories_nodes":[],"categories_segments":[],"categories_sizes":[],"default_left":[0,0,0,0,0,0,0],"id":5,"left_children":[1,-1,3,-1,5,-1,-1],"loss_changes":[4.4805328E2,0E0,1.2622661E2,0E0,2.220105E1,0E0,0E0],"parents":[2147483647,0,0,2,2,4,4],"right_children":[2,-1,4,-1,6,-1,-1],"split_conditions":[3.2830809E-3,-3.3230475E-1,-1.7736302E-3,-3.2866868E-1,4.632169E-4,-2.7900222E-1,3.313286E-1],"split_indices":[5180,0,564,0,3488,0,0],"split_type":[0,0,0,0,0,0,0],"sum_hessian":[4.8595224E2,2.0887178E2,2.7708047E2,2.963449E1,2.4744597E2,4.7685847E0,2.4267738E2],"tree_param":{"num_deleted":"0","num_feature":"6144","num_nodes":"7","size_leaf_vector":"1"}},{"base_weights":[-5.9492937E-3,-3.2228288E-1,7.9740244E-1,-3.1371543E-1,1.0263331E0,3.2114124E-1,-2.6844707E-1],"categories":[],"categories_nodes":[],"categories_segments":[],"categories_sizes":[],"default_left":[0,0,0,0,0,0,0],"id":6,"left_children":[1,-1,3,-1,5,-1,-1],"loss_changes":[3.195395E2,0E0,9.0744675E1,0E0,1.7030212E1,0E0,0E0],"parents":[2147483647,0,0,2,2,4,4],"right_children":[2,-1,4,-1,6,-1,-1],"split_conditions":[3.2830809E-3,-3.2228288E-1,1.1959656E-3,-3.1371543E-1,-4.900404E-4,3.2114124E-1,-2.6844707E-1],"split_indices":[5180,0,3539,0,5410,0,0],"split_type":[0,0,0,0,0,0,0],"sum_hessian":[3.703204E2,1.5880215E2,2.1151825E2,2.297541E1,1.8854283E2,1.8474129E2,3.8015425E0],"tree_param":{"num_deleted":"0","num_feature":"6144","num_nodes":"7","size_leaf_vector":"1"}},{"base_weights":[-7.5878995E-3,-3.1498823E-1,7.729373E-1,-3.0541882E-1,1.0002049E0,-2.4098483E-1,3.13224E-1],"categories":[],"categories_nodes":[],"categories_segments":[],"categories_sizes":[],"default_left":[0,0,0,0,0,0,0],"id":7,"left_children":[1,-1,3,-1,5,-1,-1],"loss_changes":[2.298371E2,0E0,6.67718E1,0E0,1.2221725E1,0E0,0E0],"parents":[2147483647,0,0,2,2,4,4],"right_children":[2,-1,4,-1,6,-1,-1],"split_conditions":[3.2830809E-3,-3.1498823E-1,-1.7736302E-3,-3.0541882E-1,4.632169E-4,-2.4098483E-1,3.13224E-1],"split_indices":[5180,0,564,0,3488,0,0],"split_type":[0,0,0,0,0,0,0],"sum_hessian":[2.804971E2,1.1995493E2,1.6054216E2,1.7686079E1,1.4285608E2,2.9817598E0,1.3987431E2],"tree_param":{"num_deleted":"0","num_feature":"6144","num_nodes":"7","size_leaf_vector":"1"}},{"base_weights":[-9.715608E-3,-3.0942532E-1,7.508044E-1,-2.9423803E-1,9.788847E-1,-2.3616268E-1,3.0806616E-1],"categories":[],"categories_nodes":[],"categories_segments":[],"categories_sizes":[],"default_left":[0,0,0,0,0,0,0],"id":8,"left_children":[1,-1,3,-1,5,-1,-1],"loss_changes":[1.6612183E2,0E0,4.9367867E1,0E0,1.0032448E1,0E0,0E0],"parents":[2147483647,0,0,2,2,4,4],"right_children":[2,-1,4,-1,6,-1,-1],"split_conditions":[3.2830809E-3,-3.0942532E-1,3.0919898E-3,-2.9423803E-1,1.1710037E-3,-2.3616268E-1,3.0806616E-1],"split_indices":[5180,0,2823,0,335,0,0],"split_type":[0,0,0,0,0,0,0],"sum_hessian":[2.1179553E2,9.02266E1,1.2156893E2,1.3764895E1,1.0780403E2,2.4451077E0,1.05358925E2],"tree_param":{"num_deleted":"0","num_feature":"6144","num_nodes":"7","size_leaf_vector":"1"}},{"base_weights":[-1.2353877E-2,-3.052463E-1,7.318754E-1,-2.8780788E-1,9.824689E-1,-1.7389277E-1,3.0427256E-1],"categories":[],"categories_nodes":[],"categories_segments":[],"categories_sizes":[],"default_left":[0,0,0,0,0,0,0],"id":9,"left_children":[1,-1,3,-1,5,-1,-1],"loss_changes":[1.20841125E2,0E0,4.0283688E1,0E0,4.625107E0,0E0,0E0],